{
	"format_version": "1.9.0",
	"credit": "Made with Blockbench",
	"texture_size": [640, 640],
	"textures": {
		"0": "timewalkers:small_chest"
	},
	"elements": [
		{
			"from": [14, 0, 0.3],
			"to": [18, 4, 4.3],
			"rotation": {"angle": -22.5, "axis": "x", "origin": [14, 2, 3.3]},
			"faces": {
				"north": {"uv": [6.95, 0, 16, 8.3], "texture": "#0"},
				"east": {"uv": [0, 8.0125, 10.6125, 16], "texture": "#0"},
				"south": {"uv": [0, 0, 11.3625, 8.425], "texture": "#0"},
				"west": {"uv": [2.875, 0, 13.05, 8.125], "texture": "#0"},
				"up": {"uv": [0, 0, 9.9375, 9], "texture": "#0"},
				"down": {"uv": [16, 8.3875, 7.6125, 16], "texture": "#0"}
			}
		},
		{
			"from": [11, 0, -0.9],
			"to": [15, 4, 3.1],
			"rotation": {"angle": -22.5, "axis": "x", "origin": [11, 2, 2.1]},
			"faces": {
				"north": {"uv": [6.95, 0, 16, 8.3], "texture": "#0"},
				"east": {"uv": [0, 8.0125, 10.6125, 16], "texture": "#0"},
				"south": {"uv": [0, 0, 11.3625, 8.425], "texture": "#0"},
				"west": {"uv": [2.875, 0, 13.05, 8.125], "texture": "#0"},
				"up": {"uv": [0, 0, 9.9375, 9], "texture": "#0"},
				"down": {"uv": [16, 8.3875, 7.6125, 16], "texture": "#0"}
			}
		},
		{
			"from": [9, 0, -2.4],
			"to": [13, 4, 1.6],
			"rotation": {"angle": -22.5, "axis": "x", "origin": [9, 2, 0.6]},
			"faces": {
				"north": {"uv": [6.95, 0, 16, 8.3], "texture": "#0"},
				"east": {"uv": [0, 8.0125, 10.6125, 16], "texture": "#0"},
				"south": {"uv": [0, 0, 11.3625, 8.425], "texture": "#0"},
				"west": {"uv": [2.875, 0, 13.05, 8.125], "texture": "#0"},
				"up": {"uv": [0, 0, 9.9375, 9], "texture": "#0"},
				"down": {"uv": [16, 8.3875, 7.6125, 16], "texture": "#0"}
			}
		},
		{
			"from": [6, 0, -2.9],
			"to": [10, 4, 1.1],
			"rotation": {"angle": -22.5, "axis": "x", "origin": [6, 2, 0.1]},
			"faces": {
				"north": {"uv": [6.95, 0, 16, 8.3], "texture": "#0"},
				"east": {"uv": [0, 8.0125, 10.6125, 16], "texture": "#0"},
				"south": {"uv": [0, 0, 11.3625, 8.425], "texture": "#0"},
				"west": {"uv": [2.875, 0, 13.05, 8.125], "texture": "#0"},
				"up": {"uv": [0, 0, 9.9375, 9], "texture": "#0"},
				"down": {"uv": [16, 8.3875, 7.6125, 16], "texture": "#0"}
			}
		},
		{
			"from": [4, 0, -1.8],
			"to": [8, 4, 2.2],
			"rotation": {"angle": -22.5, "axis": "x", "origin": [4, 2, 1.2]},
			"faces": {
				"north": {"uv": [6.95, 0, 16, 8.3], "texture": "#0"},
				"east": {"uv": [0, 8.0125, 10.6125, 16], "texture": "#0"},
				"south": {"uv": [0, 0, 11.3625, 8.425], "texture": "#0"},
				"west": {"uv": [2.875, 0, 13.05, 8.125], "texture": "#0"},
				"up": {"uv": [0, 0, 9.9375, 9], "texture": "#0"},
				"down": {"uv": [16, 8.3875, 7.6125, 16], "texture": "#0"}
			}
		},
		{
			"from": [1, 0, -1],
			"to": [5, 4, 3],
			"rotation": {"angle": -22.5, "axis": "x", "origin": [1, 2, 2]},
			"faces": {
				"north": {"uv": [6.95, 0, 16, 8.3], "texture": "#0"},
				"east": {"uv": [0, 8.0125, 10.6125, 16], "texture": "#0"},
				"south": {"uv": [0, 0, 11.3625, 8.425], "texture": "#0"},
				"west": {"uv": [2.875, 0, 13.05, 8.125], "texture": "#0"},
				"up": {"uv": [0, 0, 9.9375, 9], "texture": "#0"},
				"down": {"uv": [16, 8.3875, 7.6125, 16], "texture": "#0"}
			}
		},
		{
			"from": [-1.2, 0.1, 1.3],
			"to": [2.8, 4.1, 5.3],
			"rotation": {"angle": 45, "axis": "x", "origin": [-1.2, 3.1, 2.3]},
			"faces": {
				"north": {"uv": [0, 0, 9.9375, 9], "rotation": 180, "texture": "#0"},
				"east": {"uv": [0, 8.0125, 10.6125, 16], "rotation": 90, "texture": "#0"},
				"south": {"uv": [16, 8.3875, 7.6125, 16], "texture": "#0"},
				"west": {"uv": [2.875, 0, 13.05, 8.125], "rotation": 270, "texture": "#0"},
				"up": {"uv": [0, 0, 11.3625, 8.425], "texture": "#0"},
				"down": {"uv": [6.95, 0, 16, 8.3], "rotation": 180, "texture": "#0"}
			}
		},
		{
			"from": [-4, 0.5, 1.5],
			"to": [0, 4.5, 5.5],
			"rotation": {"angle": 45, "axis": "z", "origin": [0, 4.5, 2.5]},
			"faces": {
				"north": {"uv": [0, 0, 9.9375, 9], "rotation": 90, "texture": "#0"},
				"east": {"uv": [0, 0, 11.3625, 8.425], "rotation": 90, "texture": "#0"},
				"south": {"uv": [16, 8.3875, 7.6125, 16], "rotation": 90, "texture": "#0"},
				"west": {"uv": [6.95, 0, 16, 8.3], "rotation": 270, "texture": "#0"},
				"up": {"uv": [2.875, 0, 13.05, 8.125], "texture": "#0"},
				"down": {"uv": [0, 8.0125, 10.6125, 16], "rotation": 180, "texture": "#0"}
			}
		},
		{
			"from": [-4, 0.5, 5.5],
			"to": [0, 4.5, 9.5],
			"rotation": {"angle": 22.5, "axis": "z", "origin": [0, 4.5, 6.5]},
			"faces": {
				"north": {"uv": [0, 0, 9.9375, 9], "rotation": 90, "texture": "#0"},
				"east": {"uv": [0, 0, 11.3625, 8.425], "rotation": 90, "texture": "#0"},
				"south": {"uv": [16, 8.3875, 7.6125, 16], "rotation": 90, "texture": "#0"},
				"west": {"uv": [6.95, 0, 16, 8.3], "rotation": 270, "texture": "#0"},
				"up": {"uv": [2.875, 0, 13.05, 8.125], "texture": "#0"},
				"down": {"uv": [0, 8.0125, 10.6125, 16], "rotation": 180, "texture": "#0"}
			}
		},
		{
			"from": [-2, 0.8, 9.5],
			"to": [2, 4.8, 13.5],
			"rotation": {"angle": -45, "axis": "z", "origin": [-2, 4.8, 10.5]},
			"faces": {
				"north": {"uv": [0, 0, 9.9375, 9], "rotation": 180, "texture": "#0"},
				"east": {"uv": [0, 8.0125, 10.6125, 16], "rotation": 90, "texture": "#0"},
				"south": {"uv": [16, 8.3875, 7.6125, 16], "texture": "#0"},
				"west": {"uv": [2.875, 0, 13.05, 8.125], "rotation": 270, "texture": "#0"},
				"up": {"uv": [0, 0, 11.3625, 8.425], "texture": "#0"},
				"down": {"uv": [6.95, 0, 16, 8.3], "rotation": 180, "texture": "#0"}
			}
		},
		{
			"from": [-4, 0, 13.5],
			"to": [0, 4, 17.5],
			"rotation": {"angle": 22.5, "axis": "z", "origin": [0, 4, 14.5]},
			"faces": {
				"north": {"uv": [0, 0, 9.9375, 9], "rotation": 90, "texture": "#0"},
				"east": {"uv": [0, 0, 11.3625, 8.425], "rotation": 90, "texture": "#0"},
				"south": {"uv": [16, 8.3875, 7.6125, 16], "rotation": 90, "texture": "#0"},
				"west": {"uv": [6.95, 0, 16, 8.3], "rotation": 270, "texture": "#0"},
				"up": {"uv": [2.875, 0, 13.05, 8.125], "texture": "#0"},
				"down": {"uv": [0, 8.0125, 10.6125, 16], "rotation": 180, "texture": "#0"}
			}
		},
		{
			"from": [-1.5, 0.1, 14.7],
			"to": [2.5, 4.1, 18.7],
			"rotation": {"angle": 0, "axis": "x", "origin": [-1.5, 3.1, 17.7]},
			"faces": {
				"north": {"uv": [6.95, 0, 16, 8.3], "texture": "#0"},
				"east": {"uv": [0, 8.0125, 10.6125, 16], "texture": "#0"},
				"south": {"uv": [0, 0, 11.3625, 8.425], "texture": "#0"},
				"west": {"uv": [2.875, 0, 13.05, 8.125], "texture": "#0"},
				"up": {"uv": [0, 0, 9.9375, 9], "texture": "#0"},
				"down": {"uv": [16, 8.3875, 7.6125, 16], "texture": "#0"}
			}
		},
		{
			"from": [1, 0, 16],
			"to": [5, 4, 20],
			"rotation": {"angle": 45, "axis": "x", "origin": [1, 2, 19]},
			"faces": {
				"north": {"uv": [6.95, 0, 16, 8.3], "texture": "#0"},
				"east": {"uv": [0, 8.0125, 10.6125, 16], "texture": "#0"},
				"south": {"uv": [0, 0, 11.3625, 8.425], "texture": "#0"},
				"west": {"uv": [2.875, 0, 13.05, 8.125], "texture": "#0"},
				"up": {"uv": [0, 0, 9.9375, 9], "texture": "#0"},
				"down": {"uv": [16, 8.3875, 7.6125, 16], "texture": "#0"}
			}
		},
		{
			"from": [4, 0, 17.5],
			"to": [8, 4, 21.5],
			"rotation": {"angle": 22.5, "axis": "x", "origin": [4, 2, 20.5]},
			"faces": {
				"north": {"uv": [6.95, 0, 16, 8.3], "texture": "#0"},
				"east": {"uv": [0, 8.0125, 10.6125, 16], "texture": "#0"},
				"south": {"uv": [0, 0, 11.3625, 8.425], "texture": "#0"},
				"west": {"uv": [2.875, 0, 13.05, 8.125], "texture": "#0"},
				"up": {"uv": [0, 0, 9.9375, 9], "texture": "#0"},
				"down": {"uv": [16, 8.3875, 7.6125, 16], "texture": "#0"}
			}
		},
		{
			"from": [6, 0, 18.4],
			"to": [10, 4, 22.4],
			"rotation": {"angle": 0, "axis": "x", "origin": [6, 2, 21.4]},
			"faces": {
				"north": {"uv": [6.95, 0, 16, 8.3], "texture": "#0"},
				"east": {"uv": [0, 8.0125, 10.6125, 16], "texture": "#0"},
				"south": {"uv": [0, 0, 11.3625, 8.425], "texture": "#0"},
				"west": {"uv": [2.875, 0, 13.05, 8.125], "texture": "#0"},
				"up": {"uv": [0, 0, 9.9375, 9], "texture": "#0"},
				"down": {"uv": [16, 8.3875, 7.6125, 16], "texture": "#0"}
			}
		},
		{
			"from": [9, 1, 18.3],
			"to": [13, 5, 22.3],
			"rotation": {"angle": -22.5, "axis": "x", "origin": [9, 2, 20.3]},
			"faces": {
				"north": {"uv": [16, 8.3875, 7.6125, 16], "rotation": 180, "texture": "#0"},
				"east": {"uv": [0, 8.0125, 10.6125, 16], "rotation": 270, "texture": "#0"},
				"south": {"uv": [0, 0, 9.9375, 9], "texture": "#0"},
				"west": {"uv": [2.875, 0, 13.05, 8.125], "rotation": 90, "texture": "#0"},
				"up": {"uv": [6.95, 0, 16, 8.3], "rotation": 180, "texture": "#0"},
				"down": {"uv": [0, 0, 11.3625, 8.425], "texture": "#0"}
			}
		},
		{
			"from": [11, 0, 16],
			"to": [15, 4, 20],
			"rotation": {"angle": 45, "axis": "x", "origin": [11, 2, 19]},
			"faces": {
				"north": {"uv": [6.95, 0, 16, 8.3], "texture": "#0"},
				"east": {"uv": [0, 8.0125, 10.6125, 16], "texture": "#0"},
				"south": {"uv": [0, 0, 11.3625, 8.425], "texture": "#0"},
				"west": {"uv": [2.875, 0, 13.05, 8.125], "texture": "#0"},
				"up": {"uv": [0, 0, 9.9375, 9], "texture": "#0"},
				"down": {"uv": [16, 8.3875, 7.6125, 16], "texture": "#0"}
			}
		},
		{
			"from": [14, 0, 15.5],
			"to": [18, 4, 19.5],
			"rotation": {"angle": 22.5, "axis": "x", "origin": [14, 2, 18.5]},
			"faces": {
				"north": {"uv": [6.95, 0, 16, 8.3], "texture": "#0"},
				"east": {"uv": [0, 8.0125, 10.6125, 16], "texture": "#0"},
				"south": {"uv": [0, 0, 11.3625, 8.425], "texture": "#0"},
				"west": {"uv": [2.875, 0, 13.05, 8.125], "texture": "#0"},
				"up": {"uv": [0, 0, 9.9375, 9], "texture": "#0"},
				"down": {"uv": [16, 8.3875, 7.6125, 16], "texture": "#0"}
			}
		},
		{
			"from": [16, 0, 14],
			"to": [20, 4, 18],
			"rotation": {"angle": 22.5, "axis": "x", "origin": [16, 2, 17]},
			"faces": {
				"north": {"uv": [6.95, 0, 16, 8.3], "texture": "#0"},
				"east": {"uv": [0, 8.0125, 10.6125, 16], "texture": "#0"},
				"south": {"uv": [0, 0, 11.3625, 8.425], "texture": "#0"},
				"west": {"uv": [2.875, 0, 13.05, 8.125], "texture": "#0"},
				"up": {"uv": [0, 0, 9.9375, 9], "texture": "#0"},
				"down": {"uv": [16, 8.3875, 7.6125, 16], "texture": "#0"}
			}
		},
		{
			"from": [17.6, 0.6, 11],
			"to": [21.6, 4.6, 15],
			"rotation": {"angle": -22.5, "axis": "x", "origin": [17.6, 2.6, 14]},
			"faces": {
				"north": {"uv": [6.95, 0, 16, 8.3], "texture": "#0"},
				"east": {"uv": [0, 8.0125, 10.6125, 16], "texture": "#0"},
				"south": {"uv": [0, 0, 11.3625, 8.425], "texture": "#0"},
				"west": {"uv": [2.875, 0, 13.05, 8.125], "texture": "#0"},
				"up": {"uv": [0, 0, 9.9375, 9], "texture": "#0"},
				"down": {"uv": [16, 8.3875, 7.6125, 16], "texture": "#0"}
			}
		},
		{
			"from": [17, -0.3, 2],
			"to": [21, 3.7, 6],
			"rotation": {"angle": 22.5, "axis": "x", "origin": [17, 1.7, 5]},
			"faces": {
				"north": {"uv": [6.95, 0, 16, 8.3], "texture": "#0"},
				"east": {"uv": [0, 8.0125, 10.6125, 16], "texture": "#0"},
				"south": {"uv": [0, 0, 11.3625, 8.425], "texture": "#0"},
				"west": {"uv": [2.875, 0, 13.05, 8.125], "texture": "#0"},
				"up": {"uv": [0, 0, 9.9375, 9], "texture": "#0"},
				"down": {"uv": [16, 8.3875, 7.6125, 16], "texture": "#0"}
			}
		},
		{
			"from": [17.6, 0, 5.2],
			"to": [21.6, 4, 9.2],
			"rotation": {"angle": -22.5, "axis": "x", "origin": [17.6, 1, 7.2]},
			"faces": {
				"north": {"uv": [16, 8.3875, 7.6125, 16], "rotation": 180, "texture": "#0"},
				"east": {"uv": [0, 8.0125, 10.6125, 16], "rotation": 270, "texture": "#0"},
				"south": {"uv": [0, 0, 9.9375, 9], "texture": "#0"},
				"west": {"uv": [2.875, 0, 13.05, 8.125], "rotation": 90, "texture": "#0"},
				"up": {"uv": [6.95, 0, 16, 8.3], "rotation": 180, "texture": "#0"},
				"down": {"uv": [0, 0, 11.3625, 8.425], "texture": "#0"}
			}
		},
		{
			"from": [18.4, -1, 7.3],
			"to": [22.4, 3, 11.3],
			"rotation": {"angle": 22.5, "axis": "x", "origin": [18.4, 1, 10.3]},
			"faces": {
				"north": {"uv": [6.95, 0, 16, 8.3], "texture": "#0"},
				"east": {"uv": [0, 8.0125, 10.6125, 16], "texture": "#0"},
				"south": {"uv": [0, 0, 11.3625, 8.425], "texture": "#0"},
				"west": {"uv": [2.875, 0, 13.05, 8.125], "texture": "#0"},
				"up": {"uv": [0, 0, 9.9375, 9], "texture": "#0"},
				"down": {"uv": [16, 8.3875, 7.6125, 16], "texture": "#0"}
			}
		},
		{
			"from": [17.6, 2, 4.2],
			"to": [21.6, 6, 8.2],
			"rotation": {"angle": 0, "axis": "x", "origin": [17.6, 4, 7.2]},
			"faces": {
				"north": {"uv": [6.95, 0, 16, 8.3], "texture": "#0"},
				"east": {"uv": [0, 8.0125, 10.6125, 16], "texture": "#0"},
				"south": {"uv": [0, 0, 11.3625, 8.425], "texture": "#0"},
				"west": {"uv": [2.875, 0, 13.05, 8.125], "texture": "#0"},
				"up": {"uv": [0, 0, 9.9375, 9], "texture": "#0"},
				"down": {"uv": [16, 8.3875, 7.6125, 16], "texture": "#0"}
			}
		},
		{
			"from": [17, 2.7, 2],
			"to": [21, 6.7, 6],
			"rotation": {"angle": -45, "axis": "x", "origin": [17, 4.7, 5]},
			"faces": {
				"north": {"uv": [6.95, 0, 16, 8.3], "texture": "#0"},
				"east": {"uv": [0, 8.0125, 10.6125, 16], "texture": "#0"},
				"south": {"uv": [0, 0, 11.3625, 8.425], "texture": "#0"},
				"west": {"uv": [2.875, 0, 13.05, 8.125], "texture": "#0"},
				"up": {"uv": [0, 0, 9.9375, 9], "texture": "#0"},
				"down": {"uv": [16, 8.3875, 7.6125, 16], "texture": "#0"}
			}
		},
		{
			"from": [17.6, 2.6, 12],
			"to": [21.6, 6.6, 16],
			"rotation": {"angle": 0, "axis": "x", "origin": [17.6, 5.6, 14]},
			"faces": {
				"north": {"uv": [0, 0, 9.9375, 9], "rotation": 180, "texture": "#0"},
				"east": {"uv": [0, 8.0125, 10.6125, 16], "rotation": 90, "texture": "#0"},
				"south": {"uv": [16, 8.3875, 7.6125, 16], "texture": "#0"},
				"west": {"uv": [2.875, 0, 13.05, 8.125], "rotation": 270, "texture": "#0"},
				"up": {"uv": [0, 0, 11.3625, 8.425], "texture": "#0"},
				"down": {"uv": [6.95, 0, 16, 8.3], "rotation": 180, "texture": "#0"}
			}
		},
		{
			"from": [16, 2, 15],
			"to": [20, 6, 19],
			"rotation": {"angle": 45, "axis": "x", "origin": [16, 5, 17]},
			"faces": {
				"north": {"uv": [0, 0, 9.9375, 9], "rotation": 180, "texture": "#0"},
				"east": {"uv": [0, 8.0125, 10.6125, 16], "rotation": 90, "texture": "#0"},
				"south": {"uv": [16, 8.3875, 7.6125, 16], "texture": "#0"},
				"west": {"uv": [2.875, 0, 13.05, 8.125], "rotation": 270, "texture": "#0"},
				"up": {"uv": [0, 0, 11.3625, 8.425], "texture": "#0"},
				"down": {"uv": [6.95, 0, 16, 8.3], "rotation": 180, "texture": "#0"}
			}
		},
		{
			"from": [14, 2, 16.5],
			"to": [18, 6, 20.5],
			"rotation": {"angle": 45, "axis": "x", "origin": [14, 5, 18.5]},
			"faces": {
				"north": {"uv": [0, 0, 9.9375, 9], "rotation": 180, "texture": "#0"},
				"east": {"uv": [0, 8.0125, 10.6125, 16], "rotation": 90, "texture": "#0"},
				"south": {"uv": [16, 8.3875, 7.6125, 16], "texture": "#0"},
				"west": {"uv": [2.875, 0, 13.05, 8.125], "rotation": 270, "texture": "#0"},
				"up": {"uv": [0, 0, 11.3625, 8.425], "texture": "#0"},
				"down": {"uv": [6.95, 0, 16, 8.3], "rotation": 180, "texture": "#0"}
			}
		},
		{
			"from": [11, 3, 16],
			"to": [15, 7, 20],
			"rotation": {"angle": -22.5, "axis": "x", "origin": [11, 5, 19]},
			"faces": {
				"north": {"uv": [6.95, 0, 16, 8.3], "texture": "#0"},
				"east": {"uv": [0, 8.0125, 10.6125, 16], "texture": "#0"},
				"south": {"uv": [0, 0, 11.3625, 8.425], "texture": "#0"},
				"west": {"uv": [2.875, 0, 13.05, 8.125], "texture": "#0"},
				"up": {"uv": [0, 0, 9.9375, 9], "texture": "#0"},
				"down": {"uv": [16, 8.3875, 7.6125, 16], "texture": "#0"}
			}
		},
		{
			"from": [9, 3, 17.3],
			"to": [13, 7, 21.3],
			"rotation": {"angle": 0, "axis": "x", "origin": [9, 5, 20.3]},
			"faces": {
				"north": {"uv": [6.95, 0, 16, 8.3], "texture": "#0"},
				"east": {"uv": [0, 8.0125, 10.6125, 16], "texture": "#0"},
				"south": {"uv": [0, 0, 11.3625, 8.425], "texture": "#0"},
				"west": {"uv": [2.875, 0, 13.05, 8.125], "texture": "#0"},
				"up": {"uv": [0, 0, 9.9375, 9], "texture": "#0"},
				"down": {"uv": [16, 8.3875, 7.6125, 16], "texture": "#0"}
			}
		},
		{
			"from": [6, 2, 19.4],
			"to": [10, 6, 23.4],
			"rotation": {"angle": 45, "axis": "x", "origin": [6, 5, 21.4]},
			"faces": {
				"north": {"uv": [0, 0, 9.9375, 9], "rotation": 180, "texture": "#0"},
				"east": {"uv": [0, 8.0125, 10.6125, 16], "rotation": 90, "texture": "#0"},
				"south": {"uv": [16, 8.3875, 7.6125, 16], "texture": "#0"},
				"west": {"uv": [2.875, 0, 13.05, 8.125], "rotation": 270, "texture": "#0"},
				"up": {"uv": [0, 0, 11.3625, 8.425], "texture": "#0"},
				"down": {"uv": [6.95, 0, 16, 8.3], "rotation": 180, "texture": "#0"}
			}
		},
		{
			"from": [4, 3, 17.5],
			"to": [8, 7, 21.5],
			"rotation": {"angle": -45, "axis": "x", "origin": [4, 5, 20.5]},
			"faces": {
				"north": {"uv": [6.95, 0, 16, 8.3], "texture": "#0"},
				"east": {"uv": [0, 8.0125, 10.6125, 16], "texture": "#0"},
				"south": {"uv": [0, 0, 11.3625, 8.425], "texture": "#0"},
				"west": {"uv": [2.875, 0, 13.05, 8.125], "texture": "#0"},
				"up": {"uv": [0, 0, 9.9375, 9], "texture": "#0"},
				"down": {"uv": [16, 8.3875, 7.6125, 16], "texture": "#0"}
			}
		},
		{
			"from": [1, 3, 16],
			"to": [5, 7, 20],
			"rotation": {"angle": -22.5, "axis": "x", "origin": [1, 5, 19]},
			"faces": {
				"north": {"uv": [6.95, 0, 16, 8.3], "texture": "#0"},
				"east": {"uv": [0, 8.0125, 10.6125, 16], "texture": "#0"},
				"south": {"uv": [0, 0, 11.3625, 8.425], "texture": "#0"},
				"west": {"uv": [2.875, 0, 13.05, 8.125], "texture": "#0"},
				"up": {"uv": [0, 0, 9.9375, 9], "texture": "#0"},
				"down": {"uv": [16, 8.3875, 7.6125, 16], "texture": "#0"}
			}
		},
		{
			"from": [-1.5, 2.3, 16.7],
			"to": [2.5, 6.3, 20.7],
			"rotation": {"angle": 45, "axis": "x", "origin": [-1.5, 5.3, 17.7]},
			"faces": {
				"north": {"uv": [0, 0, 9.9375, 9], "rotation": 180, "texture": "#0"},
				"east": {"uv": [0, 8.0125, 10.6125, 16], "rotation": 90, "texture": "#0"},
				"south": {"uv": [16, 8.3875, 7.6125, 16], "texture": "#0"},
				"west": {"uv": [2.875, 0, 13.05, 8.125], "rotation": 270, "texture": "#0"},
				"up": {"uv": [0, 0, 11.3625, 8.425], "texture": "#0"},
				"down": {"uv": [6.95, 0, 16, 8.3], "rotation": 180, "texture": "#0"}
			}
		},
		{
			"from": [-4, 3, 14.5],
			"to": [0, 7, 18.5],
			"rotation": {"angle": 22.5, "axis": "x", "origin": [0, 4, 14.5]},
			"faces": {
				"north": {"uv": [2.875, 0, 13.05, 8.125], "rotation": 180, "texture": "#0"},
				"east": {"uv": [0, 0, 11.3625, 8.425], "rotation": 180, "texture": "#0"},
				"south": {"uv": [0, 8.0125, 10.6125, 16], "rotation": 180, "texture": "#0"},
				"west": {"uv": [6.95, 0, 16, 8.3], "rotation": 180, "texture": "#0"},
				"up": {"uv": [16, 8.3875, 7.6125, 16], "rotation": 90, "texture": "#0"},
				"down": {"uv": [0, 0, 9.9375, 9], "rotation": 270, "texture": "#0"}
			}
		},
		{
			"from": [-1.5, 5.9, 14.7],
			"to": [2.5, 9.9, 18.7],
			"rotation": {"angle": 22.5, "axis": "x", "origin": [-1.5, 6.9, 15.7]},
			"faces": {
				"north": {"uv": [0, 0, 11.3625, 8.425], "rotation": 180, "texture": "#0"},
				"east": {"uv": [0, 8.0125, 10.6125, 16], "rotation": 180, "texture": "#0"},
				"south": {"uv": [6.95, 0, 16, 8.3], "rotation": 180, "texture": "#0"},
				"west": {"uv": [2.875, 0, 13.05, 8.125], "rotation": 180, "texture": "#0"},
				"up": {"uv": [16, 8.3875, 7.6125, 16], "texture": "#0"},
				"down": {"uv": [0, 0, 9.9375, 9], "texture": "#0"}
			}
		},
		{
			"from": [1, 4.9, 15],
			"to": [5, 8.9, 19],
			"rotation": {"angle": -22.5, "axis": "x", "origin": [1, 7.9, 17]},
			"faces": {
				"north": {"uv": [0, 0, 9.9375, 9], "rotation": 180, "texture": "#0"},
				"east": {"uv": [0, 8.0125, 10.6125, 16], "rotation": 90, "texture": "#0"},
				"south": {"uv": [16, 8.3875, 7.6125, 16], "texture": "#0"},
				"west": {"uv": [2.875, 0, 13.05, 8.125], "rotation": 270, "texture": "#0"},
				"up": {"uv": [0, 0, 11.3625, 8.425], "texture": "#0"},
				"down": {"uv": [6.95, 0, 16, 8.3], "rotation": 180, "texture": "#0"}
			}
		},
		{
			"from": [4, 4.9, 16.5],
			"to": [8, 8.9, 20.5],
			"rotation": {"angle": -45, "axis": "x", "origin": [4, 7.9, 18.5]},
			"faces": {
				"north": {"uv": [0, 0, 9.9375, 9], "rotation": 180, "texture": "#0"},
				"east": {"uv": [0, 8.0125, 10.6125, 16], "rotation": 90, "texture": "#0"},
				"south": {"uv": [16, 8.3875, 7.6125, 16], "texture": "#0"},
				"west": {"uv": [2.875, 0, 13.05, 8.125], "rotation": 270, "texture": "#0"},
				"up": {"uv": [0, 0, 11.3625, 8.425], "texture": "#0"},
				"down": {"uv": [6.95, 0, 16, 8.3], "rotation": 180, "texture": "#0"}
			}
		},
		{
			"from": [6, 5.9, 18.4],
			"to": [10, 9.9, 22.4],
			"rotation": {"angle": 45, "axis": "x", "origin": [6, 7.9, 19.4]},
			"faces": {
				"north": {"uv": [0, 0, 11.3625, 8.425], "rotation": 180, "texture": "#0"},
				"east": {"uv": [0, 8.0125, 10.6125, 16], "rotation": 180, "texture": "#0"},
				"south": {"uv": [6.95, 0, 16, 8.3], "rotation": 180, "texture": "#0"},
				"west": {"uv": [2.875, 0, 13.05, 8.125], "rotation": 180, "texture": "#0"},
				"up": {"uv": [16, 8.3875, 7.6125, 16], "texture": "#0"},
				"down": {"uv": [0, 0, 9.9375, 9], "texture": "#0"}
			}
		},
		{
			"from": [9, 4.9, 16.3],
			"to": [13, 8.9, 20.3],
			"rotation": {"angle": 0, "axis": "x", "origin": [9, 7.9, 18.3]},
			"faces": {
				"north": {"uv": [0, 0, 9.9375, 9], "rotation": 180, "texture": "#0"},
				"east": {"uv": [0, 8.0125, 10.6125, 16], "rotation": 90, "texture": "#0"},
				"south": {"uv": [16, 8.3875, 7.6125, 16], "texture": "#0"},
				"west": {"uv": [2.875, 0, 13.05, 8.125], "rotation": 270, "texture": "#0"},
				"up": {"uv": [0, 0, 11.3625, 8.425], "texture": "#0"},
				"down": {"uv": [6.95, 0, 16, 8.3], "rotation": 180, "texture": "#0"}
			}
		},
		{
			"from": [11, 4.9, 15],
			"to": [15, 8.9, 19],
			"rotation": {"angle": -22.5, "axis": "x", "origin": [11, 7.9, 17]},
			"faces": {
				"north": {"uv": [0, 0, 9.9375, 9], "rotation": 180, "texture": "#0"},
				"east": {"uv": [0, 8.0125, 10.6125, 16], "rotation": 90, "texture": "#0"},
				"south": {"uv": [16, 8.3875, 7.6125, 16], "texture": "#0"},
				"west": {"uv": [2.875, 0, 13.05, 8.125], "rotation": 270, "texture": "#0"},
				"up": {"uv": [0, 0, 11.3625, 8.425], "texture": "#0"},
				"down": {"uv": [6.95, 0, 16, 8.3], "rotation": 180, "texture": "#0"}
			}
		},
		{
			"from": [14, 5.9, 15.5],
			"to": [18, 9.9, 19.5],
			"rotation": {"angle": 45, "axis": "x", "origin": [14, 7.9, 16.5]},
			"faces": {
				"north": {"uv": [0, 0, 11.3625, 8.425], "rotation": 180, "texture": "#0"},
				"east": {"uv": [0, 8.0125, 10.6125, 16], "rotation": 180, "texture": "#0"},
				"south": {"uv": [6.95, 0, 16, 8.3], "rotation": 180, "texture": "#0"},
				"west": {"uv": [2.875, 0, 13.05, 8.125], "rotation": 180, "texture": "#0"},
				"up": {"uv": [16, 8.3875, 7.6125, 16], "texture": "#0"},
				"down": {"uv": [0, 0, 9.9375, 9], "texture": "#0"}
			}
		},
		{
			"from": [16, 5.9, 14],
			"to": [20, 9.9, 18],
			"rotation": {"angle": 45, "axis": "x", "origin": [16, 7.9, 15]},
			"faces": {
				"north": {"uv": [0, 0, 11.3625, 8.425], "rotation": 180, "texture": "#0"},
				"east": {"uv": [0, 8.0125, 10.6125, 16], "rotation": 180, "texture": "#0"},
				"south": {"uv": [6.95, 0, 16, 8.3], "rotation": 180, "texture": "#0"},
				"west": {"uv": [2.875, 0, 13.05, 8.125], "rotation": 180, "texture": "#0"},
				"up": {"uv": [16, 8.3875, 7.6125, 16], "texture": "#0"},
				"down": {"uv": [0, 0, 9.9375, 9], "texture": "#0"}
			}
		},
		{
			"from": [17.6, 6.5, 11],
			"to": [21.6, 10.5, 15],
			"rotation": {"angle": 0, "axis": "x", "origin": [17.6, 8.5, 12]},
			"faces": {
				"north": {"uv": [0, 0, 11.3625, 8.425], "rotation": 180, "texture": "#0"},
				"east": {"uv": [0, 8.0125, 10.6125, 16], "rotation": 180, "texture": "#0"},
				"south": {"uv": [6.95, 0, 16, 8.3], "rotation": 180, "texture": "#0"},
				"west": {"uv": [2.875, 0, 13.05, 8.125], "rotation": 180, "texture": "#0"},
				"up": {"uv": [16, 8.3875, 7.6125, 16], "texture": "#0"},
				"down": {"uv": [0, 0, 9.9375, 9], "texture": "#0"}
			}
		},
		{
			"from": [18.4, 3.9, 6.3],
			"to": [22.4, 7.9, 10.3],
			"rotation": {"angle": -45, "axis": "x", "origin": [18.4, 6.9, 8.3]},
			"faces": {
				"north": {"uv": [0, 0, 9.9375, 9], "rotation": 180, "texture": "#0"},
				"east": {"uv": [0, 8.0125, 10.6125, 16], "rotation": 90, "texture": "#0"},
				"south": {"uv": [16, 8.3875, 7.6125, 16], "texture": "#0"},
				"west": {"uv": [2.875, 0, 13.05, 8.125], "rotation": 270, "texture": "#0"},
				"up": {"uv": [0, 0, 11.3625, 8.425], "texture": "#0"},
				"down": {"uv": [6.95, 0, 16, 8.3], "rotation": 180, "texture": "#0"}
			}
		},
		{
			"from": [17.6, 3.9, 3.2],
			"to": [21.6, 7.9, 7.2],
			"rotation": {"angle": 0, "axis": "x", "origin": [17.6, 6.9, 5.2]},
			"faces": {
				"north": {"uv": [0, 0, 9.9375, 9], "rotation": 180, "texture": "#0"},
				"east": {"uv": [0, 8.0125, 10.6125, 16], "rotation": 90, "texture": "#0"},
				"south": {"uv": [16, 8.3875, 7.6125, 16], "texture": "#0"},
				"west": {"uv": [2.875, 0, 13.05, 8.125], "rotation": 270, "texture": "#0"},
				"up": {"uv": [0, 0, 11.3625, 8.425], "texture": "#0"},
				"down": {"uv": [6.95, 0, 16, 8.3], "rotation": 180, "texture": "#0"}
			}
		},
		{
			"from": [17, 4.6, 1],
			"to": [21, 8.6, 5],
			"rotation": {"angle": -45, "axis": "x", "origin": [17, 7.6, 3]},
			"faces": {
				"north": {"uv": [0, 0, 9.9375, 9], "rotation": 180, "texture": "#0"},
				"east": {"uv": [0, 8.0125, 10.6125, 16], "rotation": 90, "texture": "#0"},
				"south": {"uv": [16, 8.3875, 7.6125, 16], "texture": "#0"},
				"west": {"uv": [2.875, 0, 13.05, 8.125], "rotation": 270, "texture": "#0"},
				"up": {"uv": [0, 0, 11.3625, 8.425], "texture": "#0"},
				"down": {"uv": [6.95, 0, 16, 8.3], "rotation": 180, "texture": "#0"}
			}
		},
		{
			"from": [14, 5.9, 0.3],
			"to": [18, 9.9, 4.3],
			"rotation": {"angle": 0, "axis": "x", "origin": [14, 7.9, 1.3]},
			"faces": {
				"north": {"uv": [0, 0, 11.3625, 8.425], "rotation": 180, "texture": "#0"},
				"east": {"uv": [0, 8.0125, 10.6125, 16], "rotation": 180, "texture": "#0"},
				"south": {"uv": [6.95, 0, 16, 8.3], "rotation": 180, "texture": "#0"},
				"west": {"uv": [2.875, 0, 13.05, 8.125], "rotation": 180, "texture": "#0"},
				"up": {"uv": [16, 8.3875, 7.6125, 16], "texture": "#0"},
				"down": {"uv": [0, 0, 9.9375, 9], "texture": "#0"}
			}
		},
		{
			"from": [11, 5.9, -0.9],
			"to": [15, 9.9, 3.1],
			"rotation": {"angle": 0, "axis": "x", "origin": [11, 7.9, 0.1]},
			"faces": {
				"north": {"uv": [0, 0, 11.3625, 8.425], "rotation": 180, "texture": "#0"},
				"east": {"uv": [0, 8.0125, 10.6125, 16], "rotation": 180, "texture": "#0"},
				"south": {"uv": [6.95, 0, 16, 8.3], "rotation": 180, "texture": "#0"},
				"west": {"uv": [2.875, 0, 13.05, 8.125], "rotation": 180, "texture": "#0"},
				"up": {"uv": [16, 8.3875, 7.6125, 16], "texture": "#0"},
				"down": {"uv": [0, 0, 9.9375, 9], "texture": "#0"}
			}
		},
		{
			"from": [9, 5.9, -2.4],
			"to": [13, 9.9, 1.6],
			"rotation": {"angle": 0, "axis": "x", "origin": [9, 7.9, -1.4]},
			"faces": {
				"north": {"uv": [0, 0, 11.3625, 8.425], "rotation": 180, "texture": "#0"},
				"east": {"uv": [0, 8.0125, 10.6125, 16], "rotation": 180, "texture": "#0"},
				"south": {"uv": [6.95, 0, 16, 8.3], "rotation": 180, "texture": "#0"},
				"west": {"uv": [2.875, 0, 13.05, 8.125], "rotation": 180, "texture": "#0"},
				"up": {"uv": [16, 8.3875, 7.6125, 16], "texture": "#0"},
				"down": {"uv": [0, 0, 9.9375, 9], "texture": "#0"}
			}
		},
		{
			"from": [6, 5.9, -2.9],
			"to": [10, 9.9, 1.1],
			"rotation": {"angle": 0, "axis": "x", "origin": [6, 7.9, -1.9]},
			"faces": {
				"north": {"uv": [0, 0, 11.3625, 8.425], "rotation": 180, "texture": "#0"},
				"east": {"uv": [0, 8.0125, 10.6125, 16], "rotation": 180, "texture": "#0"},
				"south": {"uv": [6.95, 0, 16, 8.3], "rotation": 180, "texture": "#0"},
				"west": {"uv": [2.875, 0, 13.05, 8.125], "rotation": 180, "texture": "#0"},
				"up": {"uv": [16, 8.3875, 7.6125, 16], "texture": "#0"},
				"down": {"uv": [0, 0, 9.9375, 9], "texture": "#0"}
			}
		},
		{
			"from": [4, 5.9, -1.8],
			"to": [8, 9.9, 2.2],
			"rotation": {"angle": 0, "axis": "x", "origin": [4, 7.9, -0.8]},
			"faces": {
				"north": {"uv": [0, 0, 11.3625, 8.425], "rotation": 180, "texture": "#0"},
				"east": {"uv": [0, 8.0125, 10.6125, 16], "rotation": 180, "texture": "#0"},
				"south": {"uv": [6.95, 0, 16, 8.3], "rotation": 180, "texture": "#0"},
				"west": {"uv": [2.875, 0, 13.05, 8.125], "rotation": 180, "texture": "#0"},
				"up": {"uv": [16, 8.3875, 7.6125, 16], "texture": "#0"},
				"down": {"uv": [0, 0, 9.9375, 9], "texture": "#0"}
			}
		},
		{
			"from": [1, 5.9, -1],
			"to": [5, 9.9, 3],
			"rotation": {"angle": 0, "axis": "x", "origin": [1, 7.9, 0]},
			"faces": {
				"north": {"uv": [0, 0, 11.3625, 8.425], "rotation": 180, "texture": "#0"},
				"east": {"uv": [0, 8.0125, 10.6125, 16], "rotation": 180, "texture": "#0"},
				"south": {"uv": [6.95, 0, 16, 8.3], "rotation": 180, "texture": "#0"},
				"west": {"uv": [2.875, 0, 13.05, 8.125], "rotation": 180, "texture": "#0"},
				"up": {"uv": [16, 8.3875, 7.6125, 16], "texture": "#0"},
				"down": {"uv": [0, 0, 9.9375, 9], "texture": "#0"}
			}
		},
		{
			"from": [-1.2, 6.9, -0.7],
			"to": [2.8, 10.9, 3.3],
			"rotation": {"angle": -22.5, "axis": "x", "origin": [-1.2, 7.9, 0.3]},
			"faces": {
				"north": {"uv": [0, 0, 11.3625, 8.425], "rotation": 180, "texture": "#0"},
				"east": {"uv": [0, 8.0125, 10.6125, 16], "rotation": 180, "texture": "#0"},
				"south": {"uv": [6.95, 0, 16, 8.3], "rotation": 180, "texture": "#0"},
				"west": {"uv": [2.875, 0, 13.05, 8.125], "rotation": 180, "texture": "#0"},
				"up": {"uv": [16, 8.3875, 7.6125, 16], "texture": "#0"},
				"down": {"uv": [0, 0, 9.9375, 9], "texture": "#0"}
			}
		},
		{
			"from": [-2.4, 6.6, 0.8],
			"to": [1.6, 10.6, 4.8],
			"rotation": {"angle": 22.5, "axis": "x", "origin": [1.6, 6.6, 3.8]},
			"faces": {
				"north": {"uv": [16, 8.3875, 7.6125, 16], "rotation": 270, "texture": "#0"},
				"east": {"uv": [0, 0, 11.3625, 8.425], "rotation": 270, "texture": "#0"},
				"south": {"uv": [0, 0, 9.9375, 9], "rotation": 270, "texture": "#0"},
				"west": {"uv": [6.95, 0, 16, 8.3], "rotation": 90, "texture": "#0"},
				"up": {"uv": [0, 8.0125, 10.6125, 16], "rotation": 180, "texture": "#0"},
				"down": {"uv": [2.875, 0, 13.05, 8.125], "texture": "#0"}
			}
		},
		{
			"from": [-4, 4.6, 4.2],
			"to": [0, 8.6, 8.2],
			"rotation": {"angle": 22.5, "axis": "x", "origin": [0, 4.6, 7.2]},
			"faces": {
				"north": {"uv": [16, 8.3875, 7.6125, 16], "rotation": 270, "texture": "#0"},
				"east": {"uv": [0, 0, 11.3625, 8.425], "rotation": 270, "texture": "#0"},
				"south": {"uv": [0, 0, 9.9375, 9], "rotation": 270, "texture": "#0"},
				"west": {"uv": [6.95, 0, 16, 8.3], "rotation": 90, "texture": "#0"},
				"up": {"uv": [0, 8.0125, 10.6125, 16], "rotation": 180, "texture": "#0"},
				"down": {"uv": [2.875, 0, 13.05, 8.125], "texture": "#0"}
			}
		},
		{
			"from": [-2, 3.9, 7.5],
			"to": [2, 7.9, 11.5],
			"rotation": {"angle": 22.5, "axis": "x", "origin": [-2, 3.9, 10.5]},
			"faces": {
				"north": {"uv": [16, 8.3875, 7.6125, 16], "rotation": 180, "texture": "#0"},
				"east": {"uv": [0, 8.0125, 10.6125, 16], "rotation": 270, "texture": "#0"},
				"south": {"uv": [0, 0, 9.9375, 9], "texture": "#0"},
				"west": {"uv": [2.875, 0, 13.05, 8.125], "rotation": 90, "texture": "#0"},
				"up": {"uv": [6.95, 0, 16, 8.3], "rotation": 180, "texture": "#0"},
				"down": {"uv": [0, 0, 11.3625, 8.425], "texture": "#0"}
			}
		},
		{
			"from": [-2.7, 5.1, 11.1],
			"to": [1.3, 9.1, 15.1],
			"rotation": {"angle": 22.5, "axis": "x", "origin": [1.3, 5.1, 14.1]},
			"faces": {
				"north": {"uv": [16, 8.3875, 7.6125, 16], "rotation": 270, "texture": "#0"},
				"east": {"uv": [0, 0, 11.3625, 8.425], "rotation": 270, "texture": "#0"},
				"south": {"uv": [0, 0, 9.9375, 9], "rotation": 270, "texture": "#0"},
				"west": {"uv": [6.95, 0, 16, 8.3], "rotation": 90, "texture": "#0"},
				"up": {"uv": [0, 8.0125, 10.6125, 16], "rotation": 180, "texture": "#0"},
				"down": {"uv": [2.875, 0, 13.05, 8.125], "texture": "#0"}
			}
		},
		{
			"from": [-2, 3.3, 10.5],
			"to": [2, 7.3, 14.5],
			"rotation": {"angle": 22.5, "axis": "x", "origin": [-2, 4.3, 10.5]},
			"faces": {
				"north": {"uv": [0, 0, 11.3625, 8.425], "rotation": 180, "texture": "#0"},
				"east": {"uv": [0, 8.0125, 10.6125, 16], "rotation": 180, "texture": "#0"},
				"south": {"uv": [6.95, 0, 16, 8.3], "rotation": 180, "texture": "#0"},
				"west": {"uv": [2.875, 0, 13.05, 8.125], "rotation": 180, "texture": "#0"},
				"up": {"uv": [16, 8.3875, 7.6125, 16], "texture": "#0"},
				"down": {"uv": [0, 0, 9.9375, 9], "texture": "#0"}
			}
		},
		{
			"from": [-4, 3.5, 6.5],
			"to": [0, 7.5, 10.5],
			"rotation": {"angle": 22.5, "axis": "x", "origin": [0, 4.5, 6.5]},
			"faces": {
				"north": {"uv": [2.875, 0, 13.05, 8.125], "rotation": 180, "texture": "#0"},
				"east": {"uv": [0, 0, 11.3625, 8.425], "rotation": 180, "texture": "#0"},
				"south": {"uv": [0, 8.0125, 10.6125, 16], "rotation": 180, "texture": "#0"},
				"west": {"uv": [6.95, 0, 16, 8.3], "rotation": 180, "texture": "#0"},
				"up": {"uv": [16, 8.3875, 7.6125, 16], "rotation": 90, "texture": "#0"},
				"down": {"uv": [0, 0, 9.9375, 9], "rotation": 270, "texture": "#0"}
			}
		},
		{
			"from": [-4, 3.5, 2.5],
			"to": [0, 7.5, 6.5],
			"rotation": {"angle": 22.5, "axis": "x", "origin": [0, 4.5, 2.5]},
			"faces": {
				"north": {"uv": [2.875, 0, 13.05, 8.125], "rotation": 180, "texture": "#0"},
				"east": {"uv": [0, 0, 11.3625, 8.425], "rotation": 180, "texture": "#0"},
				"south": {"uv": [0, 8.0125, 10.6125, 16], "rotation": 180, "texture": "#0"},
				"west": {"uv": [6.95, 0, 16, 8.3], "rotation": 180, "texture": "#0"},
				"up": {"uv": [16, 8.3875, 7.6125, 16], "rotation": 90, "texture": "#0"},
				"down": {"uv": [0, 0, 9.9375, 9], "rotation": 270, "texture": "#0"}
			}
		},
		{
			"from": [-1.2, 2, 1.3],
			"to": [2.8, 6, 5.3],
			"rotation": {"angle": -22.5, "axis": "x", "origin": [-1.2, 5, 2.3]},
			"faces": {
				"north": {"uv": [0, 0, 9.9375, 9], "rotation": 180, "texture": "#0"},
				"east": {"uv": [0, 8.0125, 10.6125, 16], "rotation": 90, "texture": "#0"},
				"south": {"uv": [16, 8.3875, 7.6125, 16], "texture": "#0"},
				"west": {"uv": [2.875, 0, 13.05, 8.125], "rotation": 270, "texture": "#0"},
				"up": {"uv": [0, 0, 11.3625, 8.425], "texture": "#0"},
				"down": {"uv": [6.95, 0, 16, 8.3], "rotation": 180, "texture": "#0"}
			}
		},
		{
			"from": [1, 2, 0],
			"to": [5, 6, 4],
			"rotation": {"angle": 0, "axis": "x", "origin": [1, 5, 2]},
			"faces": {
				"north": {"uv": [0, 0, 9.9375, 9], "rotation": 180, "texture": "#0"},
				"east": {"uv": [0, 8.0125, 10.6125, 16], "rotation": 90, "texture": "#0"},
				"south": {"uv": [16, 8.3875, 7.6125, 16], "texture": "#0"},
				"west": {"uv": [2.875, 0, 13.05, 8.125], "rotation": 270, "texture": "#0"},
				"up": {"uv": [0, 0, 11.3625, 8.425], "texture": "#0"},
				"down": {"uv": [6.95, 0, 16, 8.3], "rotation": 180, "texture": "#0"}
			}
		},
		{
			"from": [4, 2, -0.8],
			"to": [8, 6, 3.2],
			"rotation": {"angle": 0, "axis": "x", "origin": [4, 5, 1.2]},
			"faces": {
				"north": {"uv": [0, 0, 9.9375, 9], "rotation": 180, "texture": "#0"},
				"east": {"uv": [0, 8.0125, 10.6125, 16], "rotation": 90, "texture": "#0"},
				"south": {"uv": [16, 8.3875, 7.6125, 16], "texture": "#0"},
				"west": {"uv": [2.875, 0, 13.05, 8.125], "rotation": 270, "texture": "#0"},
				"up": {"uv": [0, 0, 11.3625, 8.425], "texture": "#0"},
				"down": {"uv": [6.95, 0, 16, 8.3], "rotation": 180, "texture": "#0"}
			}
		},
		{
			"from": [6, 2, -1.9],
			"to": [10, 6, 2.1],
			"rotation": {"angle": 0, "axis": "x", "origin": [6, 5, 0.1]},
			"faces": {
				"north": {"uv": [0, 0, 9.9375, 9], "rotation": 180, "texture": "#0"},
				"east": {"uv": [0, 8.0125, 10.6125, 16], "rotation": 90, "texture": "#0"},
				"south": {"uv": [16, 8.3875, 7.6125, 16], "texture": "#0"},
				"west": {"uv": [2.875, 0, 13.05, 8.125], "rotation": 270, "texture": "#0"},
				"up": {"uv": [0, 0, 11.3625, 8.425], "texture": "#0"},
				"down": {"uv": [6.95, 0, 16, 8.3], "rotation": 180, "texture": "#0"}
			}
		},
		{
			"from": [9, 2, -1.4],
			"to": [13, 6, 2.6],
			"rotation": {"angle": 0, "axis": "x", "origin": [9, 5, 0.6]},
			"faces": {
				"north": {"uv": [0, 0, 9.9375, 9], "rotation": 180, "texture": "#0"},
				"east": {"uv": [0, 8.0125, 10.6125, 16], "rotation": 90, "texture": "#0"},
				"south": {"uv": [16, 8.3875, 7.6125, 16], "texture": "#0"},
				"west": {"uv": [2.875, 0, 13.05, 8.125], "rotation": 270, "texture": "#0"},
				"up": {"uv": [0, 0, 11.3625, 8.425], "texture": "#0"},
				"down": {"uv": [6.95, 0, 16, 8.3], "rotation": 180, "texture": "#0"}
			}
		},
		{
			"from": [11, 2, 0.1],
			"to": [15, 6, 4.1],
			"rotation": {"angle": 0, "axis": "x", "origin": [11, 5, 2.1]},
			"faces": {
				"north": {"uv": [0, 0, 9.9375, 9], "rotation": 180, "texture": "#0"},
				"east": {"uv": [0, 8.0125, 10.6125, 16], "rotation": 90, "texture": "#0"},
				"south": {"uv": [16, 8.3875, 7.6125, 16], "texture": "#0"},
				"west": {"uv": [2.875, 0, 13.05, 8.125], "rotation": 270, "texture": "#0"},
				"up": {"uv": [0, 0, 11.3625, 8.425], "texture": "#0"},
				"down": {"uv": [6.95, 0, 16, 8.3], "rotation": 180, "texture": "#0"}
			}
		},
		{
			"from": [14, 2, 1.3],
			"to": [18, 6, 5.3],
			"rotation": {"angle": 0, "axis": "x", "origin": [14, 5, 3.3]},
			"faces": {
				"north": {"uv": [0, 0, 9.9375, 9], "rotation": 180, "texture": "#0"},
				"east": {"uv": [0, 8.0125, 10.6125, 16], "rotation": 90, "texture": "#0"},
				"south": {"uv": [16, 8.3875, 7.6125, 16], "texture": "#0"},
				"west": {"uv": [2.875, 0, 13.05, 8.125], "rotation": 270, "texture": "#0"},
				"up": {"uv": [0, 0, 11.3625, 8.425], "texture": "#0"},
				"down": {"uv": [6.95, 0, 16, 8.3], "rotation": 180, "texture": "#0"}
			}
		},
		{
			"from": [18.4, 2, 7.3],
			"to": [22.4, 6, 11.3],
			"rotation": {"angle": -45, "axis": "x", "origin": [18.4, 4, 10.3]},
			"faces": {
				"north": {"uv": [6.95, 0, 16, 8.3], "texture": "#0"},
				"east": {"uv": [0, 8.0125, 10.6125, 16], "texture": "#0"},
				"south": {"uv": [0, 0, 11.3625, 8.425], "texture": "#0"},
				"west": {"uv": [2.875, 0, 13.05, 8.125], "texture": "#0"},
				"up": {"uv": [0, 0, 9.9375, 9], "texture": "#0"},
				"down": {"uv": [16, 8.3875, 7.6125, 16], "texture": "#0"}
			}
		},
		{
			"from": [5, 0.8, 15.5],
			"to": [8, 3.8, 18.5],
			"rotation": {"angle": 22.5, "axis": "x", "origin": [4, 1.8, 14.5]},
			"faces": {
				"north": {"uv": [0, 0, 11.3625, 8.425], "rotation": 180, "texture": "#0"},
				"east": {"uv": [0, 8.0125, 10.6125, 16], "rotation": 180, "texture": "#0"},
				"south": {"uv": [6.95, 0, 16, 8.3], "rotation": 180, "texture": "#0"},
				"west": {"uv": [2.875, 0, 13.05, 8.125], "rotation": 180, "texture": "#0"},
				"up": {"uv": [16, 8.3875, 7.6125, 16], "texture": "#0"},
				"down": {"uv": [0, 0, 9.9375, 9], "texture": "#0"}
			}
		},
		{
			"from": [2.6, 0.8, 13.5],
			"to": [5.6, 3.8, 16.5],
			"rotation": {"angle": 22.5, "axis": "x", "origin": [1.6, 1.8, 12.5]},
			"faces": {
				"north": {"uv": [0, 0, 11.3625, 8.425], "rotation": 180, "texture": "#0"},
				"east": {"uv": [0, 8.0125, 10.6125, 16], "rotation": 180, "texture": "#0"},
				"south": {"uv": [6.95, 0, 16, 8.3], "rotation": 180, "texture": "#0"},
				"west": {"uv": [2.875, 0, 13.05, 8.125], "rotation": 180, "texture": "#0"},
				"up": {"uv": [16, 8.3875, 7.6125, 16], "texture": "#0"},
				"down": {"uv": [0, 0, 9.9375, 9], "texture": "#0"}
			}
		},
		{
			"from": [0, 0.8, 12.1],
			"to": [3, 3.8, 15.1],
			"rotation": {"angle": 22.5, "axis": "x", "origin": [-1, 1.8, 11.1]},
			"faces": {
				"north": {"uv": [0, 0, 11.3625, 8.425], "rotation": 180, "texture": "#0"},
				"east": {"uv": [0, 8.0125, 10.6125, 16], "rotation": 180, "texture": "#0"},
				"south": {"uv": [6.95, 0, 16, 8.3], "rotation": 180, "texture": "#0"},
				"west": {"uv": [2.875, 0, 13.05, 8.125], "rotation": 180, "texture": "#0"},
				"up": {"uv": [16, 8.3875, 7.6125, 16], "texture": "#0"},
				"down": {"uv": [0, 0, 9.9375, 9], "texture": "#0"}
			}
		},
		{
			"from": [0, 0.8, 9.3],
			"to": [3, 3.8, 12.3],
			"rotation": {"angle": 22.5, "axis": "x", "origin": [-1, 1.8, 8.3]},
			"faces": {
				"north": {"uv": [0, 0, 11.3625, 8.425], "rotation": 180, "texture": "#0"},
				"east": {"uv": [0, 8.0125, 10.6125, 16], "rotation": 180, "texture": "#0"},
				"south": {"uv": [6.95, 0, 16, 8.3], "rotation": 180, "texture": "#0"},
				"west": {"uv": [2.875, 0, 13.05, 8.125], "rotation": 180, "texture": "#0"},
				"up": {"uv": [16, 8.3875, 7.6125, 16], "texture": "#0"},
				"down": {"uv": [0, 0, 9.9375, 9], "texture": "#0"}
			}
		},
		{
			"from": [0, 0.8, 6.1],
			"to": [3, 3.8, 9.1],
			"rotation": {"angle": 22.5, "axis": "x", "origin": [-1, 1.8, 5.1]},
			"faces": {
				"north": {"uv": [0, 0, 11.3625, 8.425], "rotation": 180, "texture": "#0"},
				"east": {"uv": [0, 8.0125, 10.6125, 16], "rotation": 180, "texture": "#0"},
				"south": {"uv": [6.95, 0, 16, 8.3], "rotation": 180, "texture": "#0"},
				"west": {"uv": [2.875, 0, 13.05, 8.125], "rotation": 180, "texture": "#0"},
				"up": {"uv": [16, 8.3875, 7.6125, 16], "texture": "#0"},
				"down": {"uv": [0, 0, 9.9375, 9], "texture": "#0"}
			}
		},
		{
			"from": [0, 0.8, 3.1],
			"to": [3, 3.8, 6.1],
			"rotation": {"angle": 22.5, "axis": "x", "origin": [-1, 1.8, 2.1]},
			"faces": {
				"north": {"uv": [0, 0, 11.3625, 8.425], "rotation": 180, "texture": "#0"},
				"east": {"uv": [0, 8.0125, 10.6125, 16], "rotation": 180, "texture": "#0"},
				"south": {"uv": [6.95, 0, 16, 8.3], "rotation": 180, "texture": "#0"},
				"west": {"uv": [2.875, 0, 13.05, 8.125], "rotation": 180, "texture": "#0"},
				"up": {"uv": [16, 8.3875, 7.6125, 16], "texture": "#0"},
				"down": {"uv": [0, 0, 9.9375, 9], "texture": "#0"}
			}
		},
		{
			"from": [2.8, 0.8, 2],
			"to": [5.8, 3.8, 5],
			"rotation": {"angle": 22.5, "axis": "x", "origin": [1.8, 1.8, 1]},
			"faces": {
				"north": {"uv": [0, 0, 11.3625, 8.425], "rotation": 180, "texture": "#0"},
				"east": {"uv": [0, 8.0125, 10.6125, 16], "rotation": 180, "texture": "#0"},
				"south": {"uv": [6.95, 0, 16, 8.3], "rotation": 180, "texture": "#0"},
				"west": {"uv": [2.875, 0, 13.05, 8.125], "rotation": 180, "texture": "#0"},
				"up": {"uv": [16, 8.3875, 7.6125, 16], "texture": "#0"},
				"down": {"uv": [0, 0, 9.9375, 9], "texture": "#0"}
			}
		},
		{
			"from": [5.8, 0.8, 1.2],
			"to": [8.8, 3.8, 4.2],
			"rotation": {"angle": 22.5, "axis": "x", "origin": [4.8, 1.8, 0.2]},
			"faces": {
				"north": {"uv": [0, 0, 11.3625, 8.425], "rotation": 180, "texture": "#0"},
				"east": {"uv": [0, 8.0125, 10.6125, 16], "rotation": 180, "texture": "#0"},
				"south": {"uv": [6.95, 0, 16, 8.3], "rotation": 180, "texture": "#0"},
				"west": {"uv": [2.875, 0, 13.05, 8.125], "rotation": 180, "texture": "#0"},
				"up": {"uv": [16, 8.3875, 7.6125, 16], "texture": "#0"},
				"down": {"uv": [0, 0, 9.9375, 9], "texture": "#0"}
			}
		},
		{
			"from": [10.8, -0.2, 8],
			"to": [13.8, 2.8, 11],
			"rotation": {"angle": 22.5, "axis": "x", "origin": [9.8, 0.8, 7]},
			"faces": {
				"north": {"uv": [0, 0, 11.3625, 8.425], "rotation": 180, "texture": "#0"},
				"east": {"uv": [0, 8.0125, 10.6125, 16], "rotation": 180, "texture": "#0"},
				"south": {"uv": [6.95, 0, 16, 8.3], "rotation": 180, "texture": "#0"},
				"west": {"uv": [2.875, 0, 13.05, 8.125], "rotation": 180, "texture": "#0"},
				"up": {"uv": [16, 8.3875, 7.6125, 16], "texture": "#0"},
				"down": {"uv": [0, 0, 9.9375, 9], "texture": "#0"}
			}
		},
		{
			"from": [10.8, -0.2, 10.1],
			"to": [13.8, 2.8, 13.1],
			"rotation": {"angle": 22.5, "axis": "x", "origin": [9.8, 0.8, 9.1]},
			"faces": {
				"north": {"uv": [0, 0, 11.3625, 8.425], "rotation": 180, "texture": "#0"},
				"east": {"uv": [0, 8.0125, 10.6125, 16], "rotation": 180, "texture": "#0"},
				"south": {"uv": [6.95, 0, 16, 8.3], "rotation": 180, "texture": "#0"},
				"west": {"uv": [2.875, 0, 13.05, 8.125], "rotation": 180, "texture": "#0"},
				"up": {"uv": [16, 8.3875, 7.6125, 16], "texture": "#0"},
				"down": {"uv": [0, 0, 9.9375, 9], "texture": "#0"}
			}
		},
		{
			"from": [3.7, -1.8, 5.5],
			"to": [6.7, 1.2, 8.5],
			"rotation": {"angle": 22.5, "axis": "z", "origin": [2.7, -0.8, 4.5]},
			"faces": {
				"north": {"uv": [0, 0, 11.3625, 8.425], "rotation": 180, "texture": "#0"},
				"east": {"uv": [0, 8.0125, 10.6125, 16], "rotation": 180, "texture": "#0"},
				"south": {"uv": [6.95, 0, 16, 8.3], "rotation": 180, "texture": "#0"},
				"west": {"uv": [2.875, 0, 13.05, 8.125], "rotation": 180, "texture": "#0"},
				"up": {"uv": [16, 8.3875, 7.6125, 16], "texture": "#0"},
				"down": {"uv": [0, 0, 9.9375, 9], "texture": "#0"}
			}
		},
		{
			"from": [3.7, -1.8, 11.8],
			"to": [6.7, 1.2, 14.8],
			"rotation": {"angle": 22.5, "axis": "z", "origin": [2.7, -0.8, 10.8]},
			"faces": {
				"north": {"uv": [0, 0, 11.3625, 8.425], "rotation": 180, "texture": "#0"},
				"east": {"uv": [0, 8.0125, 10.6125, 16], "rotation": 180, "texture": "#0"},
				"south": {"uv": [6.95, 0, 16, 8.3], "rotation": 180, "texture": "#0"},
				"west": {"uv": [2.875, 0, 13.05, 8.125], "rotation": 180, "texture": "#0"},
				"up": {"uv": [16, 8.3875, 7.6125, 16], "texture": "#0"},
				"down": {"uv": [0, 0, 9.9375, 9], "texture": "#0"}
			}
		},
		{
			"from": [4, -0.2, 10.1],
			"to": [7, 2.8, 13.1],
			"rotation": {"angle": 22.5, "axis": "x", "origin": [3, 0.8, 9.1]},
			"faces": {
				"north": {"uv": [0, 0, 11.3625, 8.425], "rotation": 180, "texture": "#0"},
				"east": {"uv": [0, 8.0125, 10.6125, 16], "rotation": 180, "texture": "#0"},
				"south": {"uv": [6.95, 0, 16, 8.3], "rotation": 180, "texture": "#0"},
				"west": {"uv": [2.875, 0, 13.05, 8.125], "rotation": 180, "texture": "#0"},
				"up": {"uv": [16, 8.3875, 7.6125, 16], "texture": "#0"},
				"down": {"uv": [0, 0, 9.9375, 9], "texture": "#0"}
			}
		},
		{
			"from": [3.7, -1.8, 3.2],
			"to": [6.7, 1.2, 6.2],
			"rotation": {"angle": 22.5, "axis": "z", "origin": [2.7, -0.8, 2.2]},
			"faces": {
				"north": {"uv": [0, 0, 11.3625, 8.425], "rotation": 180, "texture": "#0"},
				"east": {"uv": [0, 8.0125, 10.6125, 16], "rotation": 180, "texture": "#0"},
				"south": {"uv": [6.95, 0, 16, 8.3], "rotation": 180, "texture": "#0"},
				"west": {"uv": [2.875, 0, 13.05, 8.125], "rotation": 180, "texture": "#0"},
				"up": {"uv": [16, 8.3875, 7.6125, 16], "texture": "#0"},
				"down": {"uv": [0, 0, 9.9375, 9], "texture": "#0"}
			}
		},
		{
			"from": [3.7, -1.8, 9.5],
			"to": [6.7, 1.2, 12.5],
			"rotation": {"angle": 22.5, "axis": "z", "origin": [2.7, -0.8, 8.5]},
			"faces": {
				"north": {"uv": [0, 0, 11.3625, 8.425], "rotation": 180, "texture": "#0"},
				"east": {"uv": [0, 8.0125, 10.6125, 16], "rotation": 180, "texture": "#0"},
				"south": {"uv": [6.95, 0, 16, 8.3], "rotation": 180, "texture": "#0"},
				"west": {"uv": [2.875, 0, 13.05, 8.125], "rotation": 180, "texture": "#0"},
				"up": {"uv": [16, 8.3875, 7.6125, 16], "texture": "#0"},
				"down": {"uv": [0, 0, 9.9375, 9], "texture": "#0"}
			}
		},
		{
			"from": [4, -0.2, 7.8],
			"to": [7, 2.8, 10.8],
			"rotation": {"angle": 22.5, "axis": "x", "origin": [3, 0.8, 6.8]},
			"faces": {
				"north": {"uv": [0, 0, 11.3625, 8.425], "rotation": 180, "texture": "#0"},
				"east": {"uv": [0, 8.0125, 10.6125, 16], "rotation": 180, "texture": "#0"},
				"south": {"uv": [6.95, 0, 16, 8.3], "rotation": 180, "texture": "#0"},
				"west": {"uv": [2.875, 0, 13.05, 8.125], "rotation": 180, "texture": "#0"},
				"up": {"uv": [16, 8.3875, 7.6125, 16], "texture": "#0"},
				"down": {"uv": [0, 0, 9.9375, 9], "texture": "#0"}
			}
		},
		{
			"from": [8.7, -1.8, 2.6],
			"to": [11.7, 1.2, 5.6],
			"rotation": {"angle": 22.5, "axis": "z", "origin": [7.7, -0.8, 1.6]},
			"faces": {
				"north": {"uv": [0, 0, 11.3625, 8.425], "rotation": 180, "texture": "#0"},
				"east": {"uv": [0, 8.0125, 10.6125, 16], "rotation": 180, "texture": "#0"},
				"south": {"uv": [6.95, 0, 16, 8.3], "rotation": 180, "texture": "#0"},
				"west": {"uv": [2.875, 0, 13.05, 8.125], "rotation": 180, "texture": "#0"},
				"up": {"uv": [16, 8.3875, 7.6125, 16], "texture": "#0"},
				"down": {"uv": [0, 0, 9.9375, 9], "texture": "#0"}
			}
		},
		{
			"from": [6.4, -1.8, 2.6],
			"to": [9.4, 1.2, 5.6],
			"rotation": {"angle": 22.5, "axis": "z", "origin": [5.4, -0.8, 1.6]},
			"faces": {
				"north": {"uv": [0, 0, 11.3625, 8.425], "rotation": 180, "texture": "#0"},
				"east": {"uv": [0, 8.0125, 10.6125, 16], "rotation": 180, "texture": "#0"},
				"south": {"uv": [6.95, 0, 16, 8.3], "rotation": 180, "texture": "#0"},
				"west": {"uv": [2.875, 0, 13.05, 8.125], "rotation": 180, "texture": "#0"},
				"up": {"uv": [16, 8.3875, 7.6125, 16], "texture": "#0"},
				"down": {"uv": [0, 0, 9.9375, 9], "texture": "#0"}
			}
		},
		{
			"from": [6.4, -1.8, 5.6],
			"to": [9.4, 1.2, 8.6],
			"rotation": {"angle": 22.5, "axis": "z", "origin": [5.4, -0.8, 4.6]},
			"faces": {
				"north": {"uv": [0, 0, 11.3625, 8.425], "rotation": 180, "texture": "#0"},
				"east": {"uv": [0, 8.0125, 10.6125, 16], "rotation": 180, "texture": "#0"},
				"south": {"uv": [6.95, 0, 16, 8.3], "rotation": 180, "texture": "#0"},
				"west": {"uv": [2.875, 0, 13.05, 8.125], "rotation": 180, "texture": "#0"},
				"up": {"uv": [16, 8.3875, 7.6125, 16], "texture": "#0"},
				"down": {"uv": [0, 0, 9.9375, 9], "texture": "#0"}
			}
		},
		{
			"from": [6.4, -1.8, 11.3],
			"to": [9.4, 1.2, 14.3],
			"rotation": {"angle": 22.5, "axis": "z", "origin": [5.4, -0.8, 10.3]},
			"faces": {
				"north": {"uv": [0, 0, 11.3625, 8.425], "rotation": 180, "texture": "#0"},
				"east": {"uv": [0, 8.0125, 10.6125, 16], "rotation": 180, "texture": "#0"},
				"south": {"uv": [6.95, 0, 16, 8.3], "rotation": 180, "texture": "#0"},
				"west": {"uv": [2.875, 0, 13.05, 8.125], "rotation": 180, "texture": "#0"},
				"up": {"uv": [16, 8.3875, 7.6125, 16], "texture": "#0"},
				"down": {"uv": [0, 0, 9.9375, 9], "texture": "#0"}
			}
		},
		{
			"from": [6.4, -1.8, 8.4],
			"to": [9.4, 1.2, 11.4],
			"rotation": {"angle": 22.5, "axis": "z", "origin": [5.4, -0.8, 7.4]},
			"faces": {
				"north": {"uv": [0, 0, 11.3625, 8.425], "rotation": 180, "texture": "#0"},
				"east": {"uv": [0, 8.0125, 10.6125, 16], "rotation": 180, "texture": "#0"},
				"south": {"uv": [6.95, 0, 16, 8.3], "rotation": 180, "texture": "#0"},
				"west": {"uv": [2.875, 0, 13.05, 8.125], "rotation": 180, "texture": "#0"},
				"up": {"uv": [16, 8.3875, 7.6125, 16], "texture": "#0"},
				"down": {"uv": [0, 0, 9.9375, 9], "texture": "#0"}
			}
		},
		{
			"from": [8.6, -1.8, 5],
			"to": [11.6, 1.2, 8],
			"rotation": {"angle": 22.5, "axis": "z", "origin": [7.6, -0.8, 4]},
			"faces": {
				"north": {"uv": [0, 0, 11.3625, 8.425], "rotation": 180, "texture": "#0"},
				"east": {"uv": [0, 8.0125, 10.6125, 16], "rotation": 180, "texture": "#0"},
				"south": {"uv": [6.95, 0, 16, 8.3], "rotation": 180, "texture": "#0"},
				"west": {"uv": [2.875, 0, 13.05, 8.125], "rotation": 180, "texture": "#0"},
				"up": {"uv": [16, 8.3875, 7.6125, 16], "texture": "#0"},
				"down": {"uv": [0, 0, 9.9375, 9], "texture": "#0"}
			}
		},
		{
			"from": [8.6, -1.8, 11.4],
			"to": [11.6, 1.2, 14.4],
			"rotation": {"angle": 22.5, "axis": "z", "origin": [7.6, -0.8, 10.4]},
			"faces": {
				"north": {"uv": [0, 0, 11.3625, 8.425], "rotation": 180, "texture": "#0"},
				"east": {"uv": [0, 8.0125, 10.6125, 16], "rotation": 180, "texture": "#0"},
				"south": {"uv": [6.95, 0, 16, 8.3], "rotation": 180, "texture": "#0"},
				"west": {"uv": [2.875, 0, 13.05, 8.125], "rotation": 180, "texture": "#0"},
				"up": {"uv": [16, 8.3875, 7.6125, 16], "texture": "#0"},
				"down": {"uv": [0, 0, 9.9375, 9], "texture": "#0"}
			}
		},
		{
			"from": [8.7, -1.8, 8.9],
			"to": [11.7, 1.2, 11.9],
			"rotation": {"angle": 22.5, "axis": "z", "origin": [7.7, -0.8, 7.9]},
			"faces": {
				"north": {"uv": [0, 0, 11.3625, 8.425], "rotation": 180, "texture": "#0"},
				"east": {"uv": [0, 8.0125, 10.6125, 16], "rotation": 180, "texture": "#0"},
				"south": {"uv": [6.95, 0, 16, 8.3], "rotation": 180, "texture": "#0"},
				"west": {"uv": [2.875, 0, 13.05, 8.125], "rotation": 180, "texture": "#0"},
				"up": {"uv": [16, 8.3875, 7.6125, 16], "texture": "#0"},
				"down": {"uv": [0, 0, 9.9375, 9], "texture": "#0"}
			}
		},
		{
			"from": [9, -0.2, 7.2],
			"to": [12, 2.8, 10.2],
			"rotation": {"angle": 22.5, "axis": "x", "origin": [8, 0.8, 6.2]},
			"faces": {
				"north": {"uv": [0, 0, 11.3625, 8.425], "rotation": 180, "texture": "#0"},
				"east": {"uv": [0, 8.0125, 10.6125, 16], "rotation": 180, "texture": "#0"},
				"south": {"uv": [6.95, 0, 16, 8.3], "rotation": 180, "texture": "#0"},
				"west": {"uv": [2.875, 0, 13.05, 8.125], "rotation": 180, "texture": "#0"},
				"up": {"uv": [16, 8.3875, 7.6125, 16], "texture": "#0"},
				"down": {"uv": [0, 0, 9.9375, 9], "texture": "#0"}
			}
		},
		{
			"from": [8.6, 0.8, 1.2],
			"to": [11.6, 3.8, 4.2],
			"rotation": {"angle": 22.5, "axis": "x", "origin": [7.6, 1.8, 0.2]},
			"faces": {
				"north": {"uv": [0, 0, 11.3625, 8.425], "rotation": 180, "texture": "#0"},
				"east": {"uv": [0, 8.0125, 10.6125, 16], "rotation": 180, "texture": "#0"},
				"south": {"uv": [6.95, 0, 16, 8.3], "rotation": 180, "texture": "#0"},
				"west": {"uv": [2.875, 0, 13.05, 8.125], "rotation": 180, "texture": "#0"},
				"up": {"uv": [16, 8.3875, 7.6125, 16], "texture": "#0"},
				"down": {"uv": [0, 0, 9.9375, 9], "texture": "#0"}
			}
		},
		{
			"from": [11.3, 0.8, 1.9],
			"to": [14.3, 3.8, 4.9],
			"rotation": {"angle": 22.5, "axis": "x", "origin": [10.3, 1.8, 0.9]},
			"faces": {
				"north": {"uv": [0, 0, 11.3625, 8.425], "rotation": 180, "texture": "#0"},
				"east": {"uv": [0, 8.0125, 10.6125, 16], "rotation": 180, "texture": "#0"},
				"south": {"uv": [6.95, 0, 16, 8.3], "rotation": 180, "texture": "#0"},
				"west": {"uv": [2.875, 0, 13.05, 8.125], "rotation": 180, "texture": "#0"},
				"up": {"uv": [16, 8.3875, 7.6125, 16], "texture": "#0"},
				"down": {"uv": [0, 0, 9.9375, 9], "texture": "#0"}
			}
		},
		{
			"from": [13.1, 0.8, 3.7],
			"to": [16.1, 3.8, 6.7],
			"rotation": {"angle": 22.5, "axis": "x", "origin": [12.1, 1.8, 2.7]},
			"faces": {
				"north": {"uv": [0, 0, 11.3625, 8.425], "rotation": 180, "texture": "#0"},
				"east": {"uv": [0, 8.0125, 10.6125, 16], "rotation": 180, "texture": "#0"},
				"south": {"uv": [6.95, 0, 16, 8.3], "rotation": 180, "texture": "#0"},
				"west": {"uv": [2.875, 0, 13.05, 8.125], "rotation": 180, "texture": "#0"},
				"up": {"uv": [16, 8.3875, 7.6125, 16], "texture": "#0"},
				"down": {"uv": [0, 0, 9.9375, 9], "texture": "#0"}
			}
		},
		{
			"from": [15.4, 0, 5.6],
			"to": [18.4, 3, 8.6],
			"rotation": {"angle": 22.5, "axis": "x", "origin": [14.4, 1, 4.6]},
			"faces": {
				"north": {"uv": [0, 0, 11.3625, 8.425], "rotation": 180, "texture": "#0"},
				"east": {"uv": [0, 8.0125, 10.6125, 16], "rotation": 180, "texture": "#0"},
				"south": {"uv": [6.95, 0, 16, 8.3], "rotation": 180, "texture": "#0"},
				"west": {"uv": [2.875, 0, 13.05, 8.125], "rotation": 180, "texture": "#0"},
				"up": {"uv": [16, 8.3875, 7.6125, 16], "texture": "#0"},
				"down": {"uv": [0, 0, 9.9375, 9], "texture": "#0"}
			}
		},
		{
			"from": [15.4, -1, 7.2],
			"to": [18.4, 2, 10.2],
			"rotation": {"angle": 22.5, "axis": "x", "origin": [14.4, 0, 6.2]},
			"faces": {
				"north": {"uv": [0, 0, 11.3625, 8.425], "rotation": 180, "texture": "#0"},
				"east": {"uv": [0, 8.0125, 10.6125, 16], "rotation": 180, "texture": "#0"},
				"south": {"uv": [6.95, 0, 16, 8.3], "rotation": 180, "texture": "#0"},
				"west": {"uv": [2.875, 0, 13.05, 8.125], "rotation": 180, "texture": "#0"},
				"up": {"uv": [16, 8.3875, 7.6125, 16], "texture": "#0"},
				"down": {"uv": [0, 0, 9.9375, 9], "texture": "#0"}
			}
		},
		{
			"from": [15.4, -1, 10],
			"to": [18.4, 2, 13],
			"rotation": {"angle": 22.5, "axis": "x", "origin": [14.4, 0, 9]},
			"faces": {
				"north": {"uv": [0, 0, 11.3625, 8.425], "rotation": 180, "texture": "#0"},
				"east": {"uv": [0, 8.0125, 10.6125, 16], "rotation": 180, "texture": "#0"},
				"south": {"uv": [6.95, 0, 16, 8.3], "rotation": 180, "texture": "#0"},
				"west": {"uv": [2.875, 0, 13.05, 8.125], "rotation": 180, "texture": "#0"},
				"up": {"uv": [16, 8.3875, 7.6125, 16], "texture": "#0"},
				"down": {"uv": [0, 0, 9.9375, 9], "texture": "#0"}
			}
		},
		{
			"from": [15.4, -1, 13.1],
			"to": [18.4, 2, 16.1],
			"rotation": {"angle": 22.5, "axis": "x", "origin": [14.4, 0, 12.1]},
			"faces": {
				"north": {"uv": [0, 0, 11.3625, 8.425], "rotation": 180, "texture": "#0"},
				"east": {"uv": [0, 8.0125, 10.6125, 16], "rotation": 180, "texture": "#0"},
				"south": {"uv": [6.95, 0, 16, 8.3], "rotation": 180, "texture": "#0"},
				"west": {"uv": [2.875, 0, 13.05, 8.125], "rotation": 180, "texture": "#0"},
				"up": {"uv": [16, 8.3875, 7.6125, 16], "texture": "#0"},
				"down": {"uv": [0, 0, 9.9375, 9], "texture": "#0"}
			}
		},
		{
			"from": [13.1, -1, 13.9],
			"to": [16.1, 2, 16.9],
			"rotation": {"angle": 22.5, "axis": "x", "origin": [12.1, 0, 12.9]},
			"faces": {
				"north": {"uv": [0, 0, 11.3625, 8.425], "rotation": 180, "texture": "#0"},
				"east": {"uv": [0, 8.0125, 10.6125, 16], "rotation": 180, "texture": "#0"},
				"south": {"uv": [6.95, 0, 16, 8.3], "rotation": 180, "texture": "#0"},
				"west": {"uv": [2.875, 0, 13.05, 8.125], "rotation": 180, "texture": "#0"},
				"up": {"uv": [16, 8.3875, 7.6125, 16], "texture": "#0"},
				"down": {"uv": [0, 0, 9.9375, 9], "texture": "#0"}
			}
		},
		{
			"from": [11, -1, 15.3],
			"to": [14, 2, 18.3],
			"rotation": {"angle": 22.5, "axis": "x", "origin": [10, 0, 14.3]},
			"faces": {
				"north": {"uv": [0, 0, 11.3625, 8.425], "rotation": 180, "texture": "#0"},
				"east": {"uv": [0, 8.0125, 10.6125, 16], "rotation": 180, "texture": "#0"},
				"south": {"uv": [6.95, 0, 16, 8.3], "rotation": 180, "texture": "#0"},
				"west": {"uv": [2.875, 0, 13.05, 8.125], "rotation": 180, "texture": "#0"},
				"up": {"uv": [16, 8.3875, 7.6125, 16], "texture": "#0"},
				"down": {"uv": [0, 0, 9.9375, 9], "texture": "#0"}
			}
		},
		{
			"from": [9, -1, 16.4],
			"to": [12, 2, 19.4],
			"rotation": {"angle": 22.5, "axis": "x", "origin": [8, 0, 15.4]},
			"faces": {
				"north": {"uv": [0, 0, 11.3625, 8.425], "rotation": 180, "texture": "#0"},
				"east": {"uv": [0, 8.0125, 10.6125, 16], "rotation": 180, "texture": "#0"},
				"south": {"uv": [6.95, 0, 16, 8.3], "rotation": 180, "texture": "#0"},
				"west": {"uv": [2.875, 0, 13.05, 8.125], "rotation": 180, "texture": "#0"},
				"up": {"uv": [16, 8.3875, 7.6125, 16], "texture": "#0"},
				"down": {"uv": [0, 0, 9.9375, 9], "texture": "#0"}
			}
		},
		{
			"from": [6.8, -0.8, 15.6],
			"to": [9.8, 2.2, 18.6],
			"rotation": {"angle": 22.5, "axis": "x", "origin": [5.8, 0.2, 14.6]},
			"faces": {
				"north": {"uv": [0, 0, 11.3625, 8.425], "rotation": 180, "texture": "#0"},
				"east": {"uv": [0, 8.0125, 10.6125, 16], "rotation": 180, "texture": "#0"},
				"south": {"uv": [6.95, 0, 16, 8.3], "rotation": 180, "texture": "#0"},
				"west": {"uv": [2.875, 0, 13.05, 8.125], "rotation": 180, "texture": "#0"},
				"up": {"uv": [16, 8.3875, 7.6125, 16], "texture": "#0"},
				"down": {"uv": [0, 0, 9.9375, 9], "texture": "#0"}
			}
		},
		{
			"from": [4.8, -0.8, 13.6],
			"to": [7.8, 2.2, 16.6],
			"rotation": {"angle": 22.5, "axis": "x", "origin": [3.8, 0.2, 12.6]},
			"faces": {
				"north": {"uv": [0, 0, 11.3625, 8.425], "rotation": 180, "texture": "#0"},
				"east": {"uv": [0, 8.0125, 10.6125, 16], "rotation": 180, "texture": "#0"},
				"south": {"uv": [6.95, 0, 16, 8.3], "rotation": 180, "texture": "#0"},
				"west": {"uv": [2.875, 0, 13.05, 8.125], "rotation": 180, "texture": "#0"},
				"up": {"uv": [16, 8.3875, 7.6125, 16], "texture": "#0"},
				"down": {"uv": [0, 0, 9.9375, 9], "texture": "#0"}
			}
		},
		{
			"from": [7.8, -0.8, 13.6],
			"to": [10.8, 2.2, 16.6],
			"rotation": {"angle": 22.5, "axis": "x", "origin": [6.8, 0.2, 12.6]},
			"faces": {
				"north": {"uv": [0, 0, 11.3625, 8.425], "rotation": 180, "texture": "#0"},
				"east": {"uv": [0, 8.0125, 10.6125, 16], "rotation": 180, "texture": "#0"},
				"south": {"uv": [6.95, 0, 16, 8.3], "rotation": 180, "texture": "#0"},
				"west": {"uv": [2.875, 0, 13.05, 8.125], "rotation": 180, "texture": "#0"},
				"up": {"uv": [16, 8.3875, 7.6125, 16], "texture": "#0"},
				"down": {"uv": [0, 0, 9.9375, 9], "texture": "#0"}
			}
		},
		{
			"from": [10.8, -0.8, 13.6],
			"to": [13.8, 2.2, 16.6],
			"rotation": {"angle": 22.5, "axis": "x", "origin": [9.8, 0.2, 12.6]},
			"faces": {
				"north": {"uv": [0, 0, 11.3625, 8.425], "rotation": 180, "texture": "#0"},
				"east": {"uv": [0, 8.0125, 10.6125, 16], "rotation": 180, "texture": "#0"},
				"south": {"uv": [6.95, 0, 16, 8.3], "rotation": 180, "texture": "#0"},
				"west": {"uv": [2.875, 0, 13.05, 8.125], "rotation": 180, "texture": "#0"},
				"up": {"uv": [16, 8.3875, 7.6125, 16], "texture": "#0"},
				"down": {"uv": [0, 0, 9.9375, 9], "texture": "#0"}
			}
		},
		{
			"from": [12.7, -1.8, 6.6],
			"to": [15.7, 1.2, 9.6],
			"rotation": {"angle": 22.5, "axis": "z", "origin": [11.7, -0.8, 5.6]},
			"faces": {
				"north": {"uv": [0, 0, 11.3625, 8.425], "rotation": 180, "texture": "#0"},
				"east": {"uv": [0, 8.0125, 10.6125, 16], "rotation": 180, "texture": "#0"},
				"south": {"uv": [6.95, 0, 16, 8.3], "rotation": 180, "texture": "#0"},
				"west": {"uv": [2.875, 0, 13.05, 8.125], "rotation": 180, "texture": "#0"},
				"up": {"uv": [16, 8.3875, 7.6125, 16], "texture": "#0"},
				"down": {"uv": [0, 0, 9.9375, 9], "texture": "#0"}
			}
		},
		{
			"from": [10.5, -1.8, 11.8],
			"to": [13.5, 1.2, 14.8],
			"rotation": {"angle": 22.5, "axis": "z", "origin": [9.5, -0.8, 10.8]},
			"faces": {
				"north": {"uv": [0, 0, 11.3625, 8.425], "rotation": 180, "texture": "#0"},
				"east": {"uv": [0, 8.0125, 10.6125, 16], "rotation": 180, "texture": "#0"},
				"south": {"uv": [6.95, 0, 16, 8.3], "rotation": 180, "texture": "#0"},
				"west": {"uv": [2.875, 0, 13.05, 8.125], "rotation": 180, "texture": "#0"},
				"up": {"uv": [16, 8.3875, 7.6125, 16], "texture": "#0"},
				"down": {"uv": [0, 0, 9.9375, 9], "texture": "#0"}
			}
		},
		{
			"from": [10.5, -1.8, 5.5],
			"to": [13.5, 1.2, 8.5],
			"rotation": {"angle": 22.5, "axis": "z", "origin": [9.5, -0.8, 4.5]},
			"faces": {
				"north": {"uv": [0, 0, 11.3625, 8.425], "rotation": 180, "texture": "#0"},
				"east": {"uv": [0, 8.0125, 10.6125, 16], "rotation": 180, "texture": "#0"},
				"south": {"uv": [6.95, 0, 16, 8.3], "rotation": 180, "texture": "#0"},
				"west": {"uv": [2.875, 0, 13.05, 8.125], "rotation": 180, "texture": "#0"},
				"up": {"uv": [16, 8.3875, 7.6125, 16], "texture": "#0"},
				"down": {"uv": [0, 0, 9.9375, 9], "texture": "#0"}
			}
		},
		{
			"from": [12.7, -1.8, 12.7],
			"to": [15.7, 1.2, 15.7],
			"rotation": {"angle": 22.5, "axis": "z", "origin": [11.7, -0.8, 11.7]},
			"faces": {
				"north": {"uv": [0, 0, 11.3625, 8.425], "rotation": 180, "texture": "#0"},
				"east": {"uv": [0, 8.0125, 10.6125, 16], "rotation": 180, "texture": "#0"},
				"south": {"uv": [6.95, 0, 16, 8.3], "rotation": 180, "texture": "#0"},
				"west": {"uv": [2.875, 0, 13.05, 8.125], "rotation": 180, "texture": "#0"},
				"up": {"uv": [16, 8.3875, 7.6125, 16], "texture": "#0"},
				"down": {"uv": [0, 0, 9.9375, 9], "texture": "#0"}
			}
		},
		{
			"from": [12.7, -0.9, 9.6],
			"to": [15.7, 2.1, 12.6],
			"rotation": {"angle": 0, "axis": "z", "origin": [11.7, 0.1, 8.6]},
			"faces": {
				"north": {"uv": [0, 0, 11.3625, 8.425], "rotation": 180, "texture": "#0"},
				"east": {"uv": [0, 8.0125, 10.6125, 16], "rotation": 180, "texture": "#0"},
				"south": {"uv": [6.95, 0, 16, 8.3], "rotation": 180, "texture": "#0"},
				"west": {"uv": [2.875, 0, 13.05, 8.125], "rotation": 180, "texture": "#0"},
				"up": {"uv": [16, 8.3875, 7.6125, 16], "texture": "#0"},
				"down": {"uv": [0, 0, 9.9375, 9], "texture": "#0"}
			}
		},
		{
			"from": [11.4, -1.6, 3.6],
			"to": [14.4, 1.4, 6.6],
			"rotation": {"angle": 22.5, "axis": "z", "origin": [10.4, -0.6, 2.6]},
			"faces": {
				"north": {"uv": [0, 0, 11.3625, 8.425], "rotation": 180, "texture": "#0"},
				"east": {"uv": [0, 8.0125, 10.6125, 16], "rotation": 180, "texture": "#0"},
				"south": {"uv": [6.95, 0, 16, 8.3], "rotation": 180, "texture": "#0"},
				"west": {"uv": [2.875, 0, 13.05, 8.125], "rotation": 180, "texture": "#0"},
				"up": {"uv": [16, 8.3875, 7.6125, 16], "texture": "#0"},
				"down": {"uv": [0, 0, 9.9375, 9], "texture": "#0"}
			}
		},
		{
			"from": [2.5, -1.6, 3.6],
			"to": [5.5, 1.4, 6.6],
			"rotation": {"angle": 22.5, "axis": "z", "origin": [1.5, -0.6, 2.6]},
			"faces": {
				"north": {"uv": [0, 0, 11.3625, 8.425], "rotation": 180, "texture": "#0"},
				"east": {"uv": [0, 8.0125, 10.6125, 16], "rotation": 180, "texture": "#0"},
				"south": {"uv": [6.95, 0, 16, 8.3], "rotation": 180, "texture": "#0"},
				"west": {"uv": [2.875, 0, 13.05, 8.125], "rotation": 180, "texture": "#0"},
				"up": {"uv": [16, 8.3875, 7.6125, 16], "texture": "#0"},
				"down": {"uv": [0, 0, 9.9375, 9], "texture": "#0"}
			}
		},
		{
			"from": [2.5, -1.6, 6.6],
			"to": [5.5, 1.4, 9.6],
			"rotation": {"angle": 22.5, "axis": "z", "origin": [1.5, -0.6, 5.6]},
			"faces": {
				"north": {"uv": [0, 0, 11.3625, 8.425], "rotation": 180, "texture": "#0"},
				"east": {"uv": [0, 8.0125, 10.6125, 16], "rotation": 180, "texture": "#0"},
				"south": {"uv": [6.95, 0, 16, 8.3], "rotation": 180, "texture": "#0"},
				"west": {"uv": [2.875, 0, 13.05, 8.125], "rotation": 180, "texture": "#0"},
				"up": {"uv": [16, 8.3875, 7.6125, 16], "texture": "#0"},
				"down": {"uv": [0, 0, 9.9375, 9], "texture": "#0"}
			}
		},
		{
			"from": [2.5, -1.6, 9.6],
			"to": [5.5, 1.4, 12.6],
			"rotation": {"angle": 22.5, "axis": "z", "origin": [1.5, -0.6, 8.6]},
			"faces": {
				"north": {"uv": [0, 0, 11.3625, 8.425], "rotation": 180, "texture": "#0"},
				"east": {"uv": [0, 8.0125, 10.6125, 16], "rotation": 180, "texture": "#0"},
				"south": {"uv": [6.95, 0, 16, 8.3], "rotation": 180, "texture": "#0"},
				"west": {"uv": [2.875, 0, 13.05, 8.125], "rotation": 180, "texture": "#0"},
				"up": {"uv": [16, 8.3875, 7.6125, 16], "texture": "#0"},
				"down": {"uv": [0, 0, 9.9375, 9], "texture": "#0"}
			}
		},
		{
			"from": [2.5, -1.6, 12.6],
			"to": [5.5, 1.4, 15.6],
			"rotation": {"angle": 22.5, "axis": "z", "origin": [1.5, -0.6, 11.6]},
			"faces": {
				"north": {"uv": [0, 0, 11.3625, 8.425], "rotation": 180, "texture": "#0"},
				"east": {"uv": [0, 8.0125, 10.6125, 16], "rotation": 180, "texture": "#0"},
				"south": {"uv": [6.95, 0, 16, 8.3], "rotation": 180, "texture": "#0"},
				"west": {"uv": [2.875, 0, 13.05, 8.125], "rotation": 180, "texture": "#0"},
				"up": {"uv": [16, 8.3875, 7.6125, 16], "texture": "#0"},
				"down": {"uv": [0, 0, 9.9375, 9], "texture": "#0"}
			}
		}
	]
}