{"stats":{"minecraft:custom":{"minecraft:jump":54,"minecraft:time_since_rest":10973,"minecraft:leave_game":5,"minecraft:play_time":10973,"minecraft:sprint_one_cm":1717,"minecraft:time_since_death":10973,"minecraft:walk_on_water_one_cm":1356,"minecraft:walk_one_cm":5683,"minecraft:sneak_time":22,"minecraft:total_world_time":109967,"minecraft:interact_with_crafting_table":2,"minecraft:fly_one_cm":9531},"minecraft:crafted":{"timewalkers:long_stick":1,"timewalkers:leather_scrap":3},"minecraft:used":{"timewalkers:basic_stone_block":1,"minecraft:crafting_table":1}},"DataVersion":2975}