{
  "variants": {
    "facing=north,waterlogged=false": { "model": "timewalkers:block/small_chest" },
    "facing=north,waterlogged=true": { "model": "timewalkers:block/small_chest" },

    "facing=south,waterlogged=false": { "model": "timewalkers:block/small_chest", "y": 180 },
    "facing=south,waterlogged=true": { "model": "timewalkers:block/small_chest", "y": 180 },

    "facing=east,waterlogged=false": { "model": "timewalkers:block/small_chest", "y": 90 },
    "facing=east,waterlogged=true": { "model": "timewalkers:block/small_chest", "y": 90 },

    "facing=west,waterlogged=false": { "model": "timewalkers:block/small_chest", "y": 270 },
    "facing=west,waterlogged=true": { "model": "timewalkers:block/small_chest", "y": 270 }
  }
}