{
	"format_version": "1.9.0",
	"credit": "Made with Blockbench",
	"parent": "handheld",
	"texture_size": [256, 256],
	"textures": {
		"0": "timewalkers:item/long_stick",
		"particle": "timewalkers:item/long_stick"
	},
	"elements": [
		{
			"from": [6, 1, 7],
			"to": [7, 24.1, 8.4],
			"rotation": {"angle": 0, "axis": "y", "origin": [6, 0.1, 7]},
			"faces": {
				"north": {"uv": [0.0625, 0, 0.125, 1.44375], "texture": "#0"},
				"east": {"uv": [0.0375, 0, 0.125, 1.44375], "texture": "#0"},
				"south": {"uv": [0, 0, 0.0625, 1.44375], "texture": "#0"},
				"west": {"uv": [0, 0, 0.0875, 1.44375], "texture": "#0"},
				"up": {"uv": [0, 0, 0.0625, 0.0875], "texture": "#0"},
				"down": {"uv": [0, 0.0375, 0.0625, 0.125], "texture": "#0"}
			}
		},
		{
			"from": [6, 11, 9.6],
			"to": [7, 19.1, 10.2],
			"rotation": {"angle": -22.5, "axis": "x", "origin": [6, 4.1, 9.6]},
			"faces": {
				"north": {"uv": [0.0625, 0, 0.125, 0.50625], "texture": "#0"},
				"east": {"uv": [0.0875, 0, 0.125, 0.50625], "texture": "#0"},
				"south": {"uv": [0, 0, 0.0625, 0.50625], "texture": "#0"},
				"west": {"uv": [0, 0, 0.0375, 0.50625], "texture": "#0"},
				"up": {"uv": [0, 0, 0.0625, 0.0375], "texture": "#0"},
				"down": {"uv": [0, 0.0875, 0.0625, 0.125], "texture": "#missing"}
			}
		},
		{
			"from": [8.5, 8, 7.6],
			"to": [9.5, 16.1, 8.2],
			"rotation": {"angle": 22.5, "axis": "z", "origin": [8.5, 1.1, 7.6]},
			"faces": {
				"north": {"uv": [0.0625, 0, 0.125, 0.50625], "texture": "#0"},
				"east": {"uv": [0.0875, 0, 0.125, 0.50625], "texture": "#0"},
				"south": {"uv": [0, 0, 0.0625, 0.50625], "texture": "#0"},
				"west": {"uv": [0, 0, 0.0375, 0.50625], "texture": "#0"},
				"up": {"uv": [0, 0, 0.0625, 0.0375], "texture": "#0"},
				"down": {"uv": [0, 0.0875, 0.0625, 0.125], "texture": "#missing"}
			}
		}
	],
	"display": {
		"thirdperson_righthand": {
			"translation": [1.5, 0, 2]
		},
		"gui": {
			"scale": [0.75, 0.75, 0.75],
			"translation": [0, -0.5, 0]
		}
	}
}